<?xml version="1.0" encoding="UTF-8"?>
<project-private xmlns="http://www.netbeans.org/ns/project-private/1">
    <editor-bookmarks xmlns="http://www.netbeans.org/ns/editor-bookmarks/2" lastBookmarkId="0"/>
    <open-files xmlns="http://www.netbeans.org/ns/projectui-open-files/2">
        <group>
            <file>file:/C:/Users/Lalit%20Kumar/OneDrive/Documents/NetBeansProjects/Cashier-System-master/Cashier-System-master/Source%20Code/src/softwareproj/KitchenScreen.java</file>
            <file>file:/C:/Users/Lalit%20Kumar/OneDrive/Documents/NetBeansProjects/Cashier-System-master/Cashier-System-master/Source%20Code/src/softwareproj/Printer.java</file>
            <file>file:/C:/Users/Lalit%20Kumar/OneDrive/Documents/NetBeansProjects/Cashier-System-master/Cashier-System-master/Source%20Code/src/softwareproj/Order.java</file>
            <file>file:/C:/Users/Lalit%20Kumar/OneDrive/Documents/NetBeansProjects/Cashier-System-master/Cashier-System-master/Source%20Code/src/softwareproj/Controller.java</file>
            <file>file:/C:/Users/Lalit%20Kumar/OneDrive/Documents/NetBeansProjects/Cashier-System-master/Cashier-System-master/Source%20Code/src/softwareproj/Customer.java</file>
            <file>file:/C:/Users/Lalit%20Kumar/OneDrive/Documents/NetBeansProjects/Cashier-System-master/Cashier-System-master/Source%20Code/src/softwareproj/Delivery.java</file>
            <file>file:/C:/Users/Lalit%20Kumar/OneDrive/Documents/NetBeansProjects/Cashier-System-master/Cashier-System-master/Source%20Code/src/softwareproj/Item.java</file>
        </group>
    </open-files>
</project-private>
